INSERT INTO `species` (`species_id`,`sc_name`,`com_name`,`status`,`population`)
VALUES (1, 'Panthera pardus orientalis','Amur leopard','Critically Endangered','84');
INSERT INTO `species` (`species_id`,`sc_name`,`com_name`,`status`,`population`)
VALUES (2, 'Diceros bicornis','Black Rhino','Critically Endangered','5500');
INSERT INTO `species` (`species_id`,`sc_name`,`com_name`,`status`,`population`)
VALUES (3, 'Pongo pygmaeus','Bornean orangutan','Critically Endangered','104700');
INSERT INTO `species` (`species_id`,`sc_name`,`com_name`,`status`,`population`)
VALUES (4, 'Gorilla gorilla diehli','Cross River Gorilla','Critically Endangered','250');
INSERT INTO `species` (`species_id`,`sc_name`,`com_name`,`status`,`population`)
VALUES (5,  'Elephas maximus sumatranus','Sumatran elephant','Critically Endangered','2500');
INSERT INTO `species` (`species_id`,`sc_name`,`com_name`,`status`,`population`)
VALUES (6, 'Panthera tigris sondaica','Sunda tiger','Critically Endangered','400');
INSERT INTO `species` (`species_id`,`sc_name`,`com_name`,`status`,`population`)
VALUES (7, 'Balaenoptera musculus','Blue whale','Endangered','20000');
INSERT INTO `species` (`species_id`,`sc_name`,`com_name`,`status`,`population`)
VALUES (8, 'Thunnus Thynnus','Bluefin tuna','Endangered','20000');
INSERT INTO `species` (`species_id`,`sc_name`,`com_name`,`status`,`population`)
VALUES (9, 'Spheniscus mendiculus','Galapagos penguin','Endangered','2000');
INSERT INTO `species` (`species_id`,`sc_name`,`com_name`,`status`,`population`)
VALUES (10, 'Elephas maximus indicus','Indian elephant','Endangered','22000');
INSERT INTO `species` (`species_id`,`sc_name`,`com_name`,`status`,`population`)
VALUES (11, 'Panthera tigris','Tiger','Endangered','3900');
INSERT INTO `species` (`species_id`,`sc_name`,`com_name`,`status`,`population`)
VALUES (12, 'Ailurus fulgens','Red panda','Endangered','10000');
INSERT INTO `species` (`species_id`,`sc_name`,`com_name`,`status`,`population`)
VALUES (13, 'Ailuropoda melanoleuca','Panda','Vulnerable','1864');
INSERT INTO `species` (`species_id`,`sc_name`,`com_name`,`status`,`population`)
VALUES (14, 'Rhinoceros unicornis','Greater one-horned rhino','Vulnerable','3700');
INSERT INTO `species` (`species_id`,`sc_name`,`com_name`,`status`,`population`)
VALUES (15, 'Hippopotamus amphibius','Hippopotamus','Vulnerable','120000');
INSERT INTO `species` (`species_id`,`sc_name`,`com_name`,`status`,`population`)
VALUES (16, 'Ursus maritimus','Polar bear','Vulnerable','27000');
INSERT INTO `species` (`species_id`,`sc_name`,`com_name`,`status`,`population`)
VALUES (17, 'Panthera uncia','Snow leopard','Vulnerable','5000');
INSERT INTO `species` (`species_id`,`sc_name`,`com_name`,`status`,`population`)
VALUES (18, 'Ceratotherium simum','White rhino','Near Threatened','18000');
INSERT INTO `species` (`species_id`,`sc_name`,`com_name`,`status`,`population`)
VALUES (19, 'Ursus arctos','Brown bear','Least Concern','110000');
INSERT INTO `species` (`species_id`,`sc_name`,`com_name`,`status`,`population`)
VALUES (20, 'Delphinapterus leucas','Beluga','Near Threatened','150000');
INSERT INTO `species` (`species_id`,`sc_name`,`com_name`,`status`,`population`)
VALUES (21, 'Bison bison bison','Bison','Near Threatened','20504');
INSERT INTO `species` (`species_id`,`sc_name`,`com_name`,`status`,`population`)
VALUES (22, 'Charadrius montanus','Mountain plover','Near Threatened','17000');
INSERT INTO `species` (`species_id`,`sc_name`,`com_name`,`status`,`population`)
VALUES (23, 'Balaena mysticetus','Bowhead whale','Least Concern','10000');
INSERT INTO `species` (`species_id`,`sc_name`,`com_name`,`status`,`population`)
VALUES (24, 'Monodon monoceros','Narwhal','Least Concern','80000');
INSERT INTO `species` (`species_id`,`sc_name`,`com_name`,`status`,`population`)
VALUES (25, 'Tursiops truncates', 'Bottlenose dolphin', 'Least Concern', '600000');



INSERT INTO `habitat` (`habitat_id`,`h_type`,`h_desc`)
VALUES (1, 'Temperate broadleaf and mixed forests','The temperate climates of Earth occur in the middle latitudes, which span between the tropics and the polar regions of Earth. These zones generally have wider temperature ranges throughout the year and more distinct seasonal changes compared to tropical climates. Temperate broadleaf and mixed forest is a temperate climate terrestrial habitat type, with broadleaf tree ecoregions, and with conifer and broadleaf tree mixed coniferous forest ecoregions.');
INSERT INTO `habitat` (`habitat_id`,`h_type`,`h_desc`)
VALUES (2, 'Semi-Desert Savannah, Woodlands and Wetlands','Semi-desert savannas exist along the southern and western coasts of the Arabian Peninsula.Three types of woodlands are distinguished in this area including the Mediterranean vegetation type, the southwestern Afromontane type and the eastern Omano-Makranian type. A few tree species in these vegetation zones are juniper (Juniperus spp), pistachio (Pistacia atlantica), oak (Quercus spp) and hawthorn (Crataegus spp).');
INSERT INTO `habitat` (`habitat_id`,`h_type`,`h_desc`)
VALUES (3, 'Lowland rainforests','Rainforests are found throughout the world, not only in tropical regions, but also in temperate regions like Canada, the United States, and the former Soviet Union. These forests, like tropical rainforests, receive abundant, year-round rainfall, and are characterized by an enclosed canopy and high species diversity, but lack the year-round warmth and sunlight associated with tropical rainforests.');
INSERT INTO `habitat` (`habitat_id`,`h_type`,`h_desc`)
VALUES (4, 'Swamp forests','Swamp forests are found on peat-poor soils that are permanently waterlogged. They may be created and maintained by land topography (basin swamps), hydrological barriers, and/or high water tables.');
INSERT INTO `habitat` (`habitat_id`,`h_type`,`h_desc`)
VALUES (5, 'Tropical forests','Tropical and subtropical moist broadleaf forests are found in a belt around the equator (within 28 degrees) and in the humid subtropics, and are characterized by warm, humid climates with high year-round rainfall. They are very wet places, receiving more than 200 cm rainfall per year, either seasonally or throughout the year. Temperatures are uniformly high - between 20 o C and 35 o C.');
INSERT INTO `habitat` (`habitat_id`,`h_type`,`h_desc`)
VALUES (6, 'Peat swamps','Peat swamp forests are tropical moist forests where waterlogged soil prevents dead leaves and wood from fully decomposing. Over time, this creates a thick layer of acidic peat. Large areas of these forests are being logged at high rates.');
INSERT INTO `habitat` (`habitat_id`,`h_type`,`h_desc`)
VALUES (7, 'Oceans','The sea, connected as the world ocean or simply the ocean, is the body of salty water that covers approximately 71 percent of the Earths surface.');
INSERT INTO `habitat` (`habitat_id`,`h_type`,`h_desc`)
VALUES (8, 'Mangrove swamps','Mangrove swamps are coastal wetlands found in tropical and subtropical regions. They are characterized by halophytic (salt loving) trees, shrubs and other plants growing in brackish to saline tidal waters.');
INSERT INTO `habitat` (`habitat_id`,`h_type`,`h_desc`)
VALUES (9, 'Grasslands','Grasslands are generally open and continuous, fairly flat areas of grass. They are often located between temperate forests at high latitudes and deserts at subtropical latitudes.');
INSERT INTO `habitat` (`habitat_id`,`h_type`,`h_desc`)
VALUES (10, 'Dry forests','Tropical dry forest, also called monsoon forest or tropical deciduous forest, biome of any open woodland in tropical areas that have a long dry season followed by a season of heavy rainfall.');
INSERT INTO `habitat` (`habitat_id`,`h_type`,`h_desc`)
VALUES (11, 'Savannas','A savanna or savannah is a mixed woodland-grassland (i.e. grassy woodland) ecosystem characterised by the trees being sufficiently widely spaced so that the canopy does not close. The open canopy allows sufficient light to reach the ground to support an unbroken herbaceous layer consisting primarily of grasses.');
INSERT INTO `habitat` (`habitat_id`,`h_type`,`h_desc`)
VALUES (12, 'Shrublands','Shrublands are the areas that are located in west coastal regions between 30 and 40 degrees North and South latitude. Shrubland is defined as an area where vegetation is dominated by woody plants generally less than 3 meters (m) in height.');
INSERT INTO `habitat` (`habitat_id`,`h_type`,`h_desc`)
VALUES (13, 'Rivers','A river is a natural flowing watercourse, usually freshwater, flowing towards an ocean, sea, lake or another river. In some cases, a river flows into the ground and becomes dry at the end of its course without reaching another body of water.');
INSERT INTO `habitat` (`habitat_id`,`h_type`,`h_desc`)
VALUES (14, 'Lakes','A lake is an area filled with water, localized in a basin, surrounded by land, and distinct from any river or other outlet that serves to feed or drain the lake.');
INSERT INTO `habitat` (`habitat_id`,`h_type`,`h_desc`)
VALUES (15, 'Arctic Ocean','The Arctic Ocean includes the North Pole region in the middle of the Northern Hemisphere and extends south to about 60 degrees N.  It is mostly covered by sea ice throughout the year and almost completely in winter. The Arctic Oceans surface temperature and salinity vary seasonally as the ice cover melts and freezes');
INSERT INTO `habitat` (`habitat_id`,`h_type`,`h_desc`)
VALUES (16, 'Sea ice','Sea ice arises as seawater freezes. Because ice is less dense than water, it floats on the oceans surface.');
INSERT INTO `habitat` (`habitat_id`,`h_type`,`h_desc`)
VALUES (17, 'High mountains','At higher altitudes of the mountains, harsh environmental conditions generally prevail, and a treeless alpine vegetation is supported.');
INSERT INTO `habitat` (`habitat_id`,`h_type`,`h_desc`)
VALUES (18, 'Tundra','Tundra is a type of biome where the tree growth is hindered by frigid temperatures and short growing seasons. Tundra vegetation is composed of dwarf shrubs, sedges, grasses, mosses, and lichens. Scattered trees grow in some tundra regions. ');
INSERT INTO `habitat` (`habitat_id`,`h_type`,`h_desc`)
VALUES (19, 'Mountain forests','Mountain forests can be defined as forests on land with an elevation of 2 500 m above sea level or higher, irrespective of slope, or on land with an elevation of 300 to 2500 m and a slope with sharp changes in elevation within a short distance.');
INSERT INTO `habitat` (`habitat_id`,`h_type`,`h_desc`)
VALUES (20, 'Evergreen forests','An evergreen forest is a forest made up of evergreen trees. They occur across a wide range of climatic zones, and include trees such as conifers and in cold climates, eucalyptus, Live oak, acacias, magnolia, and banksia in more temperate zones, and rainforest trees in tropical zones.');



INSERT INTO `threat` (`threat_id`,`kind`,`t_desc`)
VALUES (1, 'Illegal wildlife trade','Wildlife crime is a big business. Run by dangerous international networks, wildlife and animal parts are trafficked much like illegal drugs and arms. By its very nature, it is almost impossible to obtain reliable figures for the value of the illegal wildlife trade. Experts at TRAFFIC, the wildlife trade monitoring network, estimate that it runs into billions of dollars.');
INSERT INTO `threat` (`threat_id`,`kind`,`t_desc`)
VALUES (2, 'population density, Disease, Inbreeding','High population density in some sites leads to lower breeding rates and increases the probability of disease transmission. Smaller, isolated populations can also be prone to genetic impacts from inbreeding.');
INSERT INTO `threat` (`threat_id`,`kind`,`t_desc`)
VALUES (3, 'Hunting','The hunting and killing of specific animals is illegal, but enforcement of wildlife laws is often lax. Following conservation efforts, hunting has declined to a low level, but any amount of these animals killing will have a significantly impact an already small population.');
INSERT INTO `threat` (`threat_id`,`kind`,`t_desc`)
VALUES (4, 'Habitat loss','Deforestations, climate change and other damages in the habitats are resulting in habitat loss.');
INSERT INTO `threat` (`threat_id`,`kind`,`t_desc`)
VALUES (5, 'Human-wildlife conflict','As a result of the rapid development and deforestation in some habitats, animals often come into contact with human settlements. They raid crops, trample homes and sometimes even hurt or kill people. Those affected sometimes retaliate and poison or shoot them.');
INSERT INTO `threat` (`threat_id`,`kind`,`t_desc`)
VALUES (6, 'Prey loss','Due to changes in the ecosystem, loss of their major prey, makes some animals particularly vulnerable.');
INSERT INTO `threat` (`threat_id`,`kind`,`t_desc`)
VALUES (7, 'Loss of genetic diversity','Small populations of a species and small herd size among them contributes to the ongoing loss of genetic diversity. Therefore long-term conservation of existing diversity is at risk.');
INSERT INTO `threat` (`threat_id`,`kind`,`t_desc`)
VALUES (8, 'Bycatch','Bycatch (or by-catch), in the fishing industry, is a fish or other marine species that is caught unintentionally while fishing for specific species or sizes of wildlife. Bycatch is either the wrong species, the wrong sex, or is undersized or juveniles of the target species.');
INSERT INTO `threat` (`threat_id`,`kind`,`t_desc`)
VALUES (9, 'Overfishing, Pirate fishing','Illegal fishing and overfishing is a big problem and the fishery has been plagued by lack of enforcement and control. population declines have been largely driven by the demand for specific species in the fish and sushi markets.');
INSERT INTO `threat` (`threat_id`,`kind`,`t_desc`)
VALUES (10, 'Caught in traps','Some endangered animals get caught in traps placed by humans, meant for other animals. ');
INSERT INTO `threat` (`threat_id`,`kind`,`t_desc`)
VALUES (11, 'Pollution','Noice pollution, chemical exposure of the animal causes health/inbreeding problems.');



INSERT INTO `inhabits` (`species_id`, `habitat_id`)
VALUES (1, 1);
INSERT INTO `inhabits` (`species_id`, `habitat_id`)
VALUES (2, 2);
INSERT INTO `inhabits` (`species_id`, `habitat_id`)
VALUES (3, 3);
INSERT INTO `inhabits` (`species_id`, `habitat_id`)
VALUES (3, 4);
INSERT INTO `inhabits` (`species_id`, `habitat_id`)
VALUES (3, 5);
INSERT INTO `inhabits` (`species_id`, `habitat_id`)
VALUES (3, 19);
INSERT INTO `inhabits` (`species_id`, `habitat_id`)
VALUES (4, 3);
INSERT INTO `inhabits` (`species_id`, `habitat_id`)
VALUES (4, 4);
INSERT INTO `inhabits` (`species_id`, `habitat_id`)
VALUES (4, 5);
INSERT INTO `inhabits` (`species_id`, `habitat_id`)
VALUES (4, 19);
INSERT INTO `inhabits` (`species_id`, `habitat_id`)
VALUES (5, 5);
INSERT INTO `inhabits` (`species_id`, `habitat_id`)
VALUES (6, 5);
INSERT INTO `inhabits` (`species_id`, `habitat_id`)
VALUES (6, 4);
INSERT INTO `inhabits` (`species_id`, `habitat_id`)
VALUES (6, 6);
INSERT INTO `inhabits` (`species_id`, `habitat_id`)
VALUES (7, 7);
INSERT INTO `inhabits` (`species_id`, `habitat_id`)
VALUES (8, 7);
INSERT INTO `inhabits` (`species_id`, `habitat_id`)
VALUES (9, 7);
INSERT INTO `inhabits` (`species_id`, `habitat_id`)
VALUES (10, 5);
INSERT INTO `inhabits` (`species_id`, `habitat_id`)
VALUES (10, 10);
INSERT INTO `inhabits` (`species_id`, `habitat_id`)
VALUES (10, 9);
INSERT INTO `inhabits` (`species_id`, `habitat_id`)
VALUES (11, 5);
INSERT INTO `inhabits` (`species_id`, `habitat_id`)
VALUES (11, 20);
INSERT INTO `inhabits` (`species_id`, `habitat_id`)
VALUES (11, 8);
INSERT INTO `inhabits` (`species_id`, `habitat_id`)
VALUES (11, 9);
INSERT INTO `inhabits` (`species_id`, `habitat_id`)
VALUES (11, 11);
INSERT INTO `inhabits` (`species_id`, `habitat_id`)
VALUES (12, 1);
INSERT INTO `inhabits` (`species_id`, `habitat_id`)
VALUES (13, 1);
INSERT INTO `inhabits` (`species_id`, `habitat_id`)
VALUES (14, 9);
INSERT INTO `inhabits` (`species_id`, `habitat_id`)
VALUES (14, 11);
INSERT INTO `inhabits` (`species_id`, `habitat_id`)
VALUES (14, 12);
INSERT INTO `inhabits` (`species_id`, `habitat_id`)
VALUES (15, 13);
INSERT INTO `inhabits` (`species_id`, `habitat_id`)
VALUES (15, 14);
INSERT INTO `inhabits` (`species_id`, `habitat_id`)
VALUES (15, 8);
INSERT INTO `inhabits` (`species_id`, `habitat_id`)
VALUES (16, 15);
INSERT INTO `inhabits` (`species_id`, `habitat_id`)
VALUES (16, 16);
INSERT INTO `inhabits` (`species_id`, `habitat_id`)
VALUES (17, 17);
INSERT INTO `inhabits` (`species_id`, `habitat_id`)
VALUES (18, 9);
INSERT INTO `inhabits` (`species_id`, `habitat_id`)
VALUES (19, 19);
INSERT INTO `inhabits` (`species_id`, `habitat_id`)
VALUES (19, 18);
INSERT INTO `inhabits` (`species_id`, `habitat_id`)
VALUES (20, 7);
INSERT INTO `inhabits` (`species_id`, `habitat_id`)
VALUES (21, 9);
INSERT INTO `inhabits` (`species_id`, `habitat_id`)
VALUES (22, 9);
INSERT INTO `inhabits` (`species_id`, `habitat_id`)
VALUES (23, 7);
INSERT INTO `inhabits` (`species_id`, `habitat_id`)
VALUES (24, 7);
INSERT INTO `inhabits` (`species_id`, `habitat_id`)
VALUES (25, 7);



INSERT INTO `threatened_by` (`species_id`, `threat_id`)
VALUES (1, 1);
INSERT INTO `threatened_by` (`species_id`, `threat_id`)
VALUES (1, 2);
INSERT INTO `threatened_by` (`species_id`, `threat_id`)
VALUES (2, 1);
INSERT INTO `threatened_by` (`species_id`, `threat_id`)
VALUES (3, 1);
INSERT INTO `threatened_by` (`species_id`, `threat_id`)
VALUES (4, 3);
INSERT INTO `threatened_by` (`species_id`, `threat_id`)
VALUES (5, 4);
INSERT INTO `threatened_by` (`species_id`, `threat_id`)
VALUES (5, 5);
INSERT INTO `threatened_by` (`species_id`, `threat_id`)
VALUES (5, 1);
INSERT INTO `threatened_by` (`species_id`, `threat_id`)
VALUES (6, 1);
INSERT INTO `threatened_by` (`species_id`, `threat_id`)
VALUES (6, 5);
INSERT INTO `threatened_by` (`species_id`, `threat_id`)
VALUES (6, 4);
INSERT INTO `threatened_by` (`species_id`, `threat_id`)
VALUES (7, 11);
INSERT INTO `threatened_by` (`species_id`, `threat_id`)
VALUES (7, 6);
INSERT INTO `threatened_by` (`species_id`, `threat_id`)
VALUES (8, 9);
INSERT INTO `threatened_by` (`species_id`, `threat_id`)
VALUES (9, 4);
INSERT INTO `threatened_by` (`species_id`, `threat_id`)
VALUES (9, 8);
INSERT INTO `threatened_by` (`species_id`, `threat_id`)
VALUES (10, 5);
INSERT INTO `threatened_by` (`species_id`, `threat_id`)
VALUES (10, 1);
INSERT INTO `threatened_by` (`species_id`, `threat_id`)
VALUES (11, 4);
INSERT INTO `threatened_by` (`species_id`, `threat_id`)
VALUES (11, 5);
INSERT INTO `threatened_by` (`species_id`, `threat_id`)
VALUES (11, 1);
INSERT INTO `threatened_by` (`species_id`, `threat_id`)
VALUES (12, 10);
INSERT INTO `threatened_by` (`species_id`, `threat_id`)
VALUES (12, 1);
INSERT INTO `threatened_by` (`species_id`, `threat_id`)
VALUES (13, 4);
INSERT INTO `threatened_by` (`species_id`, `threat_id`)
VALUES (13, 3);
INSERT INTO `threatened_by` (`species_id`, `threat_id`)
VALUES (14, 1);
INSERT INTO `threatened_by` (`species_id`, `threat_id`)
VALUES (14, 2);
INSERT INTO `threatened_by` (`species_id`, `threat_id`)
VALUES (14, 4);
INSERT INTO `threatened_by` (`species_id`, `threat_id`)
VALUES (15, 4);
INSERT INTO `threatened_by` (`species_id`, `threat_id`)
VALUES (16, 4);
INSERT INTO `threatened_by` (`species_id`, `threat_id`)
VALUES (16, 5);
INSERT INTO `threatened_by` (`species_id`, `threat_id`)
VALUES (17, 3);
INSERT INTO `threatened_by` (`species_id`, `threat_id`)
VALUES (17, 4);
INSERT INTO `threatened_by` (`species_id`, `threat_id`)
VALUES (17, 6);
INSERT INTO `threatened_by` (`species_id`, `threat_id`)
VALUES (17, 1);
INSERT INTO `threatened_by` (`species_id`, `threat_id`)
VALUES (18, 4);
INSERT INTO `threatened_by` (`species_id`, `threat_id`)
VALUES (18, 5);
INSERT INTO `threatened_by` (`species_id`, `threat_id`)
VALUES (19, 4);
INSERT INTO `threatened_by` (`species_id`, `threat_id`)
VALUES (19, 3);
INSERT INTO `threatened_by` (`species_id`, `threat_id`)
VALUES (20, 11);
INSERT INTO `threatened_by` (`species_id`, `threat_id`)
VALUES (21, 4);
INSERT INTO `threatened_by` (`species_id`, `threat_id`)
VALUES (22, 4);
INSERT INTO `threatened_by` (`species_id`, `threat_id`)
VALUES (23, 3);
INSERT INTO `threatened_by` (`species_id`, `threat_id`)
VALUES (23, 4);
INSERT INTO `threatened_by` (`species_id`, `threat_id`)
VALUES (23, 11);
INSERT INTO `threatened_by` (`species_id`, `threat_id`)
VALUES (24, 11);
INSERT INTO `threatened_by` (`species_id`, `threat_id`)
VALUES (25, 11);
INSERT INTO `threatened_by` (`species_id`, `threat_id`)
VALUES (25, 8);